,Sharp,RetYearly,STD,MDD,R2VaR,R2CVaR
0,0.3440741156728205,0.12474979926673324,0.3625666494057275,0.36534370096799285,-0.04834587669336195,-1.5156231856018212
1,0.15381527744645473,0.05684812880560752,0.3695870120924572,0.450323643409242,-0.03040146889836648,-2.2940288869057683
2,-0.021134148155913874,-0.007732787889167869,0.36589068232703,0.5397729789532103,-0.014489441416711372,-6.776418469134597
3,-0.15538670811677185,-0.05656553823570343,0.3640307393164857,0.5949844284010559,-0.0022813207399746426,-0.15231770630875446
4,-0.3278591067195715,-0.11718900650760478,0.35743709448900657,0.7891741906364861,0.01699526874009492,0.4971754002637777
