,Sharp,RetYearly,STD,MDD,R2VaR,R2CVaR
0,0.16544271985971284,0.05579221059768824,0.33722977139760063,0.6190725902187205,-0.032260647340254855,-1.9874781315017431
1,0.24575901497368136,0.07662635370436433,0.31179468111300146,0.5530884528639168,-0.03881529881546131,-1.7182911111294155
2,0.277259086463706,0.08169139285099347,0.29463919070398836,0.4976728701676001,-0.04284320264184916,-1.6066433188955522
3,0.24612590239385052,0.06936942749394537,0.2818452947018167,0.5067429258698868,-0.03920393581003579,-1.6878264539588206
4,0.24366885015973777,0.06289559371099274,0.25811913861686203,0.469511869344197,-0.03846754579078243,-1.7424433721844625
