,Sharp,RetYearly,STD,MDD,R2VaR,R2CVaR
0,-0.11711707590366072,-0.04471618617286577,0.3818075701415978,0.6108218459505459,-0.0071033574898895,-0.7348736608462267
1,0.01871114922589669,0.006974488715528082,0.3727450746785354,0.5303580194671502,-0.01927147940283959,-7.494427205743084
2,0.06208643755962763,0.022788948419916855,0.3670519571690744,0.5106915689672913,-0.021634061345744648,-4.00626272069691
3,0.03590434267402746,0.012841578159216827,0.3576608622473456,0.48629288559196315,-0.019314031202492806,-6.067849127841358
4,-0.03916017739967636,-0.013452014648586808,0.343512607496461,0.4911678153929804,-0.011687011429466819,-2.4141099922368143
