,Sharp,RetYearly,STD,MDD,R2VaR,R2CVaR
0,0.17204141565655412,0.05872030391960492,0.3413149310328167,0.6054555589864532,-0.033453238674645384,-1.9944404939421545
1,0.2219393871309124,0.06854914646295995,0.30886426852447685,0.5534209673589784,-0.03685470162821153,-1.7698733003111882
2,0.2453389743462935,0.07231442494135187,0.2947531069371831,0.5352587619401022,-0.03986713374486561,-1.6622558933935268
3,0.28925537306197546,0.08078452571781947,0.2792844428874643,0.4883880536894122,-0.04098408831321604,-1.6381415049879744
4,0.252900799785912,0.0658207992411779,0.2602633099495816,0.4691510578182234,-0.037556838532942276,-1.748068993905261
