,Sharp,RetYearly,STD,MDD,R2VaR,R2CVaR
0,-0.03624551099166204,-0.014225708497999534,0.3924819407642517,0.6084495460558039,-0.016929127833350443,-16.13773197408943
1,0.009799358832206501,0.0036872733205650654,0.37627699767932776,0.5620488685386671,-0.018301936716481382,-13.71003684417485
2,0.02156001573697987,0.007835354271534811,0.3634206193131651,0.5205675368486731,-0.018487081890877867,-7.796140677584638
3,-0.012231091275571112,-0.004338900775342269,0.3547435529328654,0.5030349604959873,-0.01516733566928551,-11.77327223142953
4,-0.03091551358636995,-0.010401073246822823,0.3364354021732459,0.42821116632620315,-0.01290428328664387,-3.144430880234543
