,Sharp,RetYearly,STD,MDD,R2VaR,R2CVaR
0,-0.19217244018425628,-0.06141606702876534,0.3195883185428628,0.7700409266877112,0.0038856162643128933,0.1902384940128472
1,0.188021211109626,0.05690848561582795,0.3026705619008453,0.6044745465563846,-0.03448497826344789,-1.892355240111018
2,0.35269246022958706,0.10342154147739024,0.29323434192516457,0.45495087208123275,-0.05020500994874786,-1.4790000814060964
3,0.45600837647437387,0.13116256820234762,0.2876319273264896,0.35443658022470115,-0.05663157857907722,-1.3756736051360092
4,0.46658813446162806,0.12802983065250406,0.27439581334452723,0.37986569397756,-0.059120681843415214,-1.3636763812632258
