,Sharp,RetYearly,STD,MDD,R2VaR,R2CVaR
0,-0.23983317322870168,-0.09394229349503835,0.3916984970442611,0.7218446742141476,0.0056515063520511406,0.2377992692962392
1,-0.06253263894435744,-0.02310362359342566,0.36946503431565775,0.5708730308504076,-0.012064652764060052,-2.3410607159539225
2,0.034277763305528536,0.012399962194505676,0.36174945500325956,0.49068069791473257,-0.01982125510099485,-6.201661778124687
3,0.12464935685670649,0.04434410965142055,0.3557508098689778,0.44112818966806666,-0.026679231542793936,-2.5519785271518987
4,0.1433741990790319,0.048651389953427326,0.33933155523058445,0.36433470815876556,-0.029379232758583954,-2.473387335255596
