,Sharp,RetYearly,STD,MDD,R2VaR,R2CVaR
0,0.17472151642752584,0.0634915688477442,0.36338723556168534,0.42212848506524747,-0.030324072636701064,-2.1563984068844633
1,0.11642195364531327,0.042254475469549524,0.3629425047983683,0.4586282735334529,-0.026306841488954097,-2.695962952130838
2,0.00041029132988484537,0.00014823693494236956,0.36129677657086867,0.5159671363907858,-0.01682274102994834,-229.45563730680317
3,-0.139394943305121,-0.05029619069133384,0.3608178998375911,0.5929615720106327,-0.0037905864022316437,-0.29197398149882886
4,-0.17073623914759434,-0.062122698989785174,0.36385186472382525,0.619480633511552,-0.0007523425584044138,-0.0466500110394913
