,Sharp,RetYearly,STD,MDD,R2VaR,R2CVaR
0,-0.32114670413582147,-0.1148445646276619,0.35760779465789283,0.7861430968941743,0.015538341788412296,0.46908226069305575
1,0.00047327886026688165,0.0001682307850114917,0.35545805894779764,0.5087060322647342,-0.016242455353227835,-1247.620195401425
2,0.06210135837706634,0.02239172110023202,0.3605673319458524,0.4720074089205125,-0.022197747327750258,-4.0819911423861495
3,0.09616856697873838,0.03494207591112031,0.36334196306414285,0.4676059038836117,-0.024769358838113268,-2.9050617265672973
4,0.12463263489717284,0.04818967342019542,0.38665373206587444,0.49748678973670135,-0.03130985374283304,-2.241087860190948
