,Sharp,RetYearly,STD,MDD,R2VaR,R2CVaR
0,-0.12866351895057063,-0.04698189340159564,0.36515318238454936,0.5984927528469867,-0.0052154832626093205,-0.4660558823172139
1,-0.015106378406108189,-0.005405780225207546,0.3578475316771984,0.5064787389354632,-0.015504091652382392,-13.227526991689507
2,0.06056560567469243,0.021657040377423664,0.35757985305632206,0.4942366680728789,-0.021583619435477795,-4.177133931562113
3,0.02823896785178841,0.010225043378092158,0.36208984095162644,0.5222621981041085,-0.017797729289410393,-11.51073288135973
4,0.011482556994205433,0.004376752258750116,0.3811652980219305,0.5518830496257918,-0.018558486962812194,-8.084865211818059
