,Sharp,RetYearly,STD,MDD,R2VaR,R2CVaR
0,-0.17549583432823546,-0.05217807027057941,0.2973179988591017,0.7583935380065722,0.002924550040742452,0.14815676119461482
1,0.24724471627891706,0.07172806468327075,0.2901095957187382,0.5376623689998359,-0.039835484660187506,-1.6747410133466571
2,0.3302116554437705,0.09665220427134336,0.29269773697555507,0.4452222232694455,-0.0475185461733062,-1.4904299106794743
3,0.3790029526819607,0.11110855903128325,0.2931601409567901,0.43161258710149186,-0.051221627495859616,-1.4361922431469718
4,0.40791329429455353,0.12813536684165938,0.3141240274192511,0.43710813612742583,-0.05077389389893478,-1.4492501341412705
