,Sharp,RetYearly,STD,MDD,R2VaR,R2CVaR
0,-0.057881113599110065,-0.01713608073669437,0.29605651431277646,0.7298682978589808,-0.00999665972494197,-1.2130055153873227
1,0.19256997118007235,0.055677830781264426,0.2891303895413685,0.5517569032938254,-0.03496872880255881,-1.9427623063346937
2,0.3066222938343459,0.08896410954241518,0.2901423390644858,0.4870870407029443,-0.043635885011851325,-1.5612239458487434
3,0.3450869680258041,0.10256346088701229,0.2972104726926201,0.4463647691772289,-0.04707201335221818,-1.5062514512551768
4,0.3849602279182287,0.12124327883901231,0.3149501430178034,0.46373760556111987,-0.05043455774458449,-1.446601110557586
