,Sharp,RetYearly,STD,MDD,R2VaR,R2CVaR
0,,,0.3769172007195002,,-0.0021193556487850845,-0.07822956635983729
1,,,0.3686009090751105,,-0.010428780621803881,-0.5561952018287394
2,,,0.36915025170057963,,-0.011948203930926889,-0.7837644161983727
3,,,0.3683675107207927,,-0.010671255440379916,-0.6529693754964749
4,,,0.38524359144795645,,-0.01710921544074486,-1.4411227255256454
