,Sharp,RetYearly,STD,MDD,R2VaR,R2CVaR
0,,,0.25284132618032923,,0.0011058419901716768,0.059371908785320386
1,,,0.25284510722348397,,-0.004052885197220812,-0.2833666923423046
2,,,0.2599034431535037,,-0.0050714639633277535,-0.41334196971030635
3,,,0.26510780404407025,,-0.00655744842917403,-0.6589226447500711
4,,,0.2666114284677434,,-0.0066396528962723396,-0.6237626261607355
