,Sharp,RetYearly,STD,MDD,R2VaR,R2CVaR
0,-0.03573342182599618,-0.012384155797095064,0.34657066589927166,0.7244226728591645,-0.013622008730502866,-3.3454042087867437
1,0.23233641499102003,0.07213118940860053,0.3104601119518369,0.5368607081033057,-0.03961749117904493,-1.6919013268953709
2,0.30950958943100315,0.091970024192497,0.29714757582009993,0.481615582553528,-0.04597530971232468,-1.5215478457493639
3,0.3715498372554533,0.10303452905362942,0.277310117573244,0.45788607205275467,-0.054300774769978986,-1.4265083611624263
4,0.3732248314935735,0.09439874389022473,0.25292728651643903,0.40480217234077,-0.05150647785295559,-1.4732663190014847
