,Sharp,RetYearly,STD,MDD,R2VaR,R2CVaR
0,-0.17160898446512945,-0.06956710248474329,0.4053814705655995,0.6857984335220784,-0.0024737343388542415,-0.1613451393816619
1,-0.022778750708260936,-0.00860648174877443,0.37782940157702355,0.5649060054852428,-0.015817839123410154,-18.09680274782992
2,0.05783623748549548,0.020940658030846215,0.36206812443665337,0.49675359680050823,-0.021171066767056542,-4.17098632337752
3,0.06240795551209474,0.021689325327370224,0.34754103302049055,0.43079915315602535,-0.021074779352679974,-4.204843965504259
4,0.060137246053267514,0.019889957051578255,0.33074273194952114,0.4066328032381582,-0.020765147238656106,-5.433167071280639
