,Sharp,RetYearly,STD,MDD,R2VaR,R2CVaR
0,-0.1418969085894584,-0.0469652976407281,0.33098182411154503,0.7670527821000603,-0.0019566446187662644,-0.13431709601216626
1,0.24081578554104008,0.07506163200800975,0.3116973077133171,0.5421367261647951,-0.03733993307979874,-1.7756667467004117
2,0.39096648096272946,0.11452454100363396,0.2929267509624476,0.4349753567331536,-0.0545927380366582,-1.4173522962516838
3,0.40974125862610716,0.11734479127241748,0.2863875404343787,0.392261801441367,-0.05361030639723589,-1.4074039011031314
4,0.3663863891679252,0.0958722068837623,0.26166967365106286,0.4087431783793305,-0.05485413912821123,-1.440953924141048
