,Sharp,RetYearly,STD,MDD,R2VaR,R2CVaR
0,-0.1988323839750084,-0.08108286474007298,0.4077950639583159,0.7012420319209874,0.0004584552091581447,0.023426203128562497
1,-0.003018495831057414,-0.001134592974977977,0.37588025244365375,0.5622859700563201,-0.018062713610179547,-12.940159669900355
2,0.049513227619648485,0.01804607701309302,0.36446981707029213,0.495037399490724,-0.020912501889423677,-4.485133868403393
3,0.08252223065133213,0.028664354860478358,0.34735312696028825,0.436500718439667,-0.02426745580832577,-3.1442469288705768
4,0.0631426150346943,0.02070502705812327,0.3279089256399454,0.37749945635144755,-0.021477381731839138,-5.071602002702158
