,Sharp,RetYearly,STD,MDD,R2VaR,R2CVaR
0,-0.20186117502477469,-0.08136841846381027,0.40309097801409216,0.7031705896590217,0.00091699653771115,0.046488530714923454
1,-0.024714167522309517,-0.009230909511958374,0.3735067953887428,0.5647333911728075,-0.015754520576890522,-13.50588466062948
2,0.061450050471078745,0.022418181491079103,0.36481957816503574,0.4880557275297539,-0.02197250918418392,-3.900782886241483
3,0.08073722765210192,0.02837462288882997,0.35144410718555635,0.4506961868655074,-0.02394825450005522,-3.3515138509532685
4,0.07961378133334446,0.02644973220690905,0.33222554894313466,0.354538361145215,-0.024728102328862214,-3.724525649769582
