,Sharp,RetYearly,STD,MDD,R2VaR,R2CVaR
0,-0.1548286167367193,-0.06325103330759452,0.40852288576052265,0.6868316773322349,-0.0045418548213596735,-0.3179152799064628
1,-0.023291559431190927,-0.008774728489095551,0.37673426354376516,0.5749616300791397,-0.015878840521888437,-12.325568445941169
2,0.03689781045786887,0.013437092024852326,0.36417044421091704,0.49970654905381096,-0.020198604979415148,-5.185322212644634
3,0.07111206407368703,0.02492535499780235,0.3505081074847504,0.4460273397549689,-0.022656410529742294,-3.751381785899888
4,0.05410956926234871,0.01773054359079551,0.3276785203155005,0.3586318758752566,-0.022323200420213612,-5.510958116444538
