,Sharp,RetYearly,STD,MDD,R2VaR,R2CVaR
0,0.0133291697112574,0.004711773723965029,0.3534934152714413,0.6952743145988329,-0.018590590802957302,-11.681746566016741
1,0.20834734439184302,0.06446459483308864,0.3094092464737577,0.5740148574001007,-0.0345669937193793,-1.8608851117990126
2,0.2964515659713581,0.08765921025419043,0.29569488009606165,0.4857313058453796,-0.04557707998277744,-1.5360402447922055
3,0.3572407917840564,0.09965180928151152,0.2789485735485344,0.4585018831953067,-0.05054916932888772,-1.450608629713625
4,0.36646441208392494,0.09170396627126887,0.2502397592982849,0.39847383843226114,-0.05710301910266853,-1.4206814118595719
