,Sharp,RetYearly,STD,MDD,R2VaR,R2CVaR
0,-0.002975333383219188,-0.0010319637301638984,0.3468396973543033,0.6915736673118389,-0.016482845254300205,-54.616331476062236
1,0.20727681941166262,0.06455600630267311,0.3114482675192999,0.5509143807394639,-0.036502008803884385,-1.7732230268076603
2,0.3228247941676077,0.09512805094889343,0.29467393046490664,0.4918069943306429,-0.04590097437302464,-1.5172720547782812
3,0.34928995941551144,0.09621227982495406,0.2754510321051084,0.4640449275871974,-0.050861928455403396,-1.4662655277654362
4,0.36591965094193546,0.09360243967615567,0.25580052734311504,0.41823576698106135,-0.05018889551434634,-1.4674227010381795
