,Sharp,RetYearly,STD,MDD,R2VaR,R2CVaR
0,-0.08968438298625973,-0.03049689941997502,0.34004693352963533,0.737171253925563,-0.007682647017136346,-0.8481619799329889
1,0.20904479891214933,0.06601872496152916,0.3158113729931803,0.5716755394661484,-0.03676385734194225,-1.7655112657623628
2,0.3185981318127728,0.09436282613430791,0.2961813542263993,0.46579517230203205,-0.04763555609091855,-1.5206593071282526
3,0.4132702422411348,0.11524240177310086,0.27885482668229294,0.42174630445332806,-0.055202701431979945,-1.3988453098341973
4,0.4172851215780695,0.10531292691915617,0.25237642435198415,0.38835479504378956,-0.0519104261241074,-1.431109937033267
