,Sharp,RetYearly,STD,MDD,R2VaR,R2CVaR
0,-0.16590904793393393,-0.06737024902016209,0.4060673595510557,0.7090900837990122,-0.0030710310347378516,-0.2052840162007315
1,-0.02991161707532924,-0.011397789566827021,0.38104892617884534,0.5755684139250251,-0.015151696141854801,-9.623084800981191
2,0.03317822693636265,0.01213995589249306,0.36590128567684,0.4914421313354106,-0.01978333840948852,-5.792455927698042
3,0.06002233759631775,0.02086631210476697,0.34764244347003037,0.4412297410551055,-0.02227197440990495,-4.278488309885272
4,0.08669643154076552,0.02802810491922969,0.3232901795508227,0.34560510839012004,-0.023377531304733315,-3.8743238683467593
