,Sharp,RetYearly,STD,MDD,R2VaR,R2CVaR
0,-0.24398526744436022,-0.09765890702349322,0.4002655899941332,0.7363902808641082,0.005584531177598437,0.23649154289324179
1,-0.01826351717624571,-0.006965246298404781,0.38137485957327383,0.5698363851059586,-0.016194871848336536,-51.628250074441745
2,0.05643453040770979,0.02047318546749599,0.3627776348910498,0.4767205625402532,-0.021713907094374194,-3.855739926932998
3,0.113172852016909,0.03961085293101796,0.3500031343656494,0.4233968560750101,-0.02613897663417581,-2.7020857240905563
4,0.09396447270039543,0.030828359633616298,0.3280852725254165,0.3508540969756153,-0.02274026045128851,-3.797031430802704
