,Sharp,RetYearly,STD,MDD,R2VaR,R2CVaR
0,0.04821978287491123,0.016629922900823102,0.3448775981418958,0.6851849924703909,-0.02264412251906808,-4.005662034218503
1,0.20400677677717852,0.06438741528849112,0.31561410020617464,0.5676748891802141,-0.034904992738582864,-1.8408073383090002
2,0.2532216447120061,0.07498021417861356,0.29610507531411867,0.5118343700094123,-0.04135902978158429,-1.6435214018551774
3,0.3287116734898154,0.09252876545748334,0.28148913750198834,0.47589410014284084,-0.04863608782387177,-1.4888110980398515
4,0.39057737240731316,0.09661188959513267,0.24735659672158652,0.37576980183176123,-0.053327615486493465,-1.4399310476973866
