,Sharp,RetYearly,STD,MDD,R2VaR,R2CVaR
0,-0.16553398718688642,-0.04824922954077426,0.29147627240018875,0.690049800984379,0.0025127654306304533,0.11905808283630831
1,0.0885112215836427,0.02613094786990855,0.29522751355561083,0.5784093855742094,-0.025760956886741855,-3.0069426857079296
2,0.3016290930949184,0.09169724819304226,0.30400664356400936,0.5034720160548098,-0.04286868182019285,-1.6058164581593717
3,0.4065553818208613,0.12386137832861666,0.30466053056258185,0.44963360522996443,-0.053851704105626334,-1.4760938558911236
4,0.5577781880205775,0.16459516713560318,0.29509072005793624,0.41588105653483154,-0.07252532674828567,-1.3244145282590747
