,Sharp,RetYearly,STD,MDD,R2VaR,R2CVaR
0,-0.31809088093609766,-0.11220350910339771,0.3527404142275259,0.758478771467167,0.016724557613409526,0.4927484423848325
1,-0.11988676422207684,-0.04329104001583528,0.3610994115717684,0.5684256381483515,-0.005526411396078256,-0.49573402331528454
2,0.04609525612456152,0.01712271751281702,0.37146376769329426,0.5255878113390026,-0.02042341396896448,-5.289958176879501
3,0.12713585322584006,0.04738158701931372,0.37268469764501905,0.4859027031281008,-0.027806973106288428,-2.667841033601376
4,0.2286142881634225,0.08419674480175221,0.36829169986770494,0.39328882964257794,-0.0390205096264941,-1.8304406248573206
