,Sharp,RetYearly,STD,MDD,R2VaR,R2CVaR
0,-0.24260549443202753,-0.07012116873167817,0.28903372075657796,0.7169719017658787,0.011827218471358572,0.3908388220883239
1,0.0826730849584936,0.024614781647743333,0.29773633898022916,0.5925948290789269,-0.02419223048839357,-3.116004855057674
2,0.29397729110749343,0.08878816788358779,0.30202389970020577,0.5073318677774963,-0.04257815366891103,-1.6239464116950706
3,0.45563827861309236,0.13957081928356563,0.3063193454869557,0.4262976969382716,-0.05770095730577263,-1.4379304441932577
4,0.6089918654570359,0.17988226672287255,0.2953771255842221,0.40305923138712607,-0.07807018293603737,-1.281729467028616
