,Sharp,RetYearly,STD,MDD,R2VaR,R2CVaR
0,-0.28225380073823475,-0.09905072814263416,0.35092788080644793,0.7126558835727375,0.012386673113765838,0.41609866803753215
1,-0.1139277813402005,-0.04153948996252732,0.3646124718121735,0.5611332793497232,-0.0061809826410106055,-0.6007590544512672
2,0.048164723068184305,0.01787156673111645,0.371050959969532,0.5221980996246411,-0.02043917826338707,-5.2305819573207675
3,0.13141138847191625,0.04936326067032604,0.37563913785809666,0.49533210513724035,-0.02773522391652571,-2.6314749545170932
4,0.17517300564579447,0.06381381338279124,0.36429022352807516,0.41352382934181764,-0.03394967993875358,-2.087556842304517
