,Sharp,RetYearly,STD,MDD,R2VaR,R2CVaR
0,0.05852008850972355,0.017673067280671084,0.3020000094110345,0.6017547005617061,-0.02465208084119816,-3.527561136134947
1,0.13995237377266007,0.04104992218281622,0.2933135114199499,0.4812814334986545,-0.03205934725042151,-2.7853559416736213
2,0.0514123096370508,0.016188526734978392,0.31487647314937917,0.6031240046371522,-0.02009611387418683,-5.4815567981688496
3,0.10562830408395421,0.033875976613297665,0.320709273021867,0.5668892807034751,-0.027113751293858148,-2.7373900491578054
4,0.1756322477463268,0.05837417129766376,0.33236590686908524,0.5872026146344598,-0.03668889796908993,-1.8289216379243884
