,Sharp,RetYearly,STD,MDD,R2VaR,R2CVaR
0,-0.18753334830405832,-0.07799391341059803,0.41589356834893243,0.6748315586687985,-0.0007221664739786808,-0.04147142170128358
1,-0.05746754631388017,-0.02159847787228908,0.3758378294824184,0.6304920914947147,-0.0133369003854846,-3.8973842186371943
2,-0.042793070911589494,-0.015417976333889305,0.360291421144859,0.5136549322729218,-0.017264739905055632,-10.715832264980701
3,-0.017822560577522892,-0.005888822978287633,0.3304139690070339,0.38955553310652025,-0.014388128705851714,-5.807586655318011
4,-0.12138904112176843,-0.04396947654136785,0.3622194897911826,0.5806436334400571,-0.006753657493379906,-0.6651483169617373
