,Sharp,RetYearly,STD,MDD,R2VaR,R2CVaR
0,-0.03282823392395572,-0.013402978464181925,0.40827595219496043,0.6039871775259621,-0.022121476601844665,-4.340765072117504
1,-0.11023993086840403,-0.04263306068451134,0.386729748002141,0.5950655689276827,-0.007259230390871149,-0.6222699957470382
2,-0.123847022182783,-0.044769493173133945,0.3614902674612529,0.6515625672826697,-0.005426731081793972,-0.47437775892891626
3,-0.09796934997837833,-0.03628446238504324,0.3703654499397123,0.6007001486629474,-0.00926351097767664,-1.2468793654848207
4,-0.06852846385436179,-0.022714559966280023,0.33146168305411766,0.4821092157567146,-0.009116196888673753,-1.2140792902336686
