,Sharp,RetYearly,STD,MDD,R2VaR,R2CVaR
0,-0.059378644716435225,-0.024458525501456663,0.41190777624277547,0.6317405916059469,-0.015654686704271586,-12.109802982316658
1,-0.15229447073720295,-0.05797398650748131,0.3806703304909891,0.5955626577460832,-0.003524002035469301,-0.24519702582892686
2,-0.037557808903923504,-0.01329277221078573,0.3539283200676036,0.6040550903589674,-0.01331786498984815,-4.656721301904859
3,-0.013768286983540901,-0.005133453336076177,0.372846189378017,0.4951760871354228,-0.01856230684240534,-22.3672301768916
4,-0.1667071925263025,-0.056574272341356924,0.339363116156076,0.6018239079949668,-5.163629898316553e-05,-0.0027372777741909477
