,Sharp,RetYearly,STD,MDD,R2VaR,R2CVaR
0,0.14039669071000876,0.04902215009988664,0.34916884331086223,0.6770437031995491,-0.03575767002320035,-1.800331403339322
1,0.04153834290341824,0.012939574027149403,0.31150915329567924,0.5101698915033653,-0.02231459503804229,-4.383067457726536
2,0.16926644802283466,0.05224175383358087,0.30863620312120726,0.5758294899051706,-0.0356116886938459,-2.8643805700652467
3,0.2294272972083886,0.06934962760346841,0.30227278291335236,0.48918469661893094,-0.04074915061428486,-1.6771025774730741
4,0.028717935645738647,0.008141859928235018,0.28351132298199017,0.666820498545657,-0.01733751894495135,-21.16117425554218
