,Sharp,RetYearly,STD,MDD,R2VaR,R2CVaR
0,0.13627912909376028,0.047526970137963476,0.34874723997733237,0.5949647418774857,-0.03847821872968614,-1.7173905072539117
1,0.23767782376032806,0.07956265431142051,0.3347500118128425,0.5170631310111542,-0.03761803310719577,-1.8066033505337191
2,-0.06689328367813724,-0.021422965314566444,0.3202558483695445,0.6081597043694875,-0.00844377666422858,-0.7906090501718922
3,0.07582870111624278,0.022444972481945102,0.295995739760038,0.6286370564508724,-0.02249312238823547,-4.570884602593756
4,0.20009250020422856,0.05420508921061762,0.2709001544550249,0.5650811723101969,-0.036551091213262325,-1.9473155478959547
