,Sharp,RetYearly,STD,MDD,R2VaR,R2CVaR
0,-0.3037283335909236,-0.1221980937531365,0.4023269489165241,0.7825036884846911,0.01240247360525878,0.4168199980582446
1,-0.2256968754923079,-0.08668715938241311,0.38408666133868363,0.6799454666668718,0.004721282221492416,0.19933726309379118
2,0.07092954872873788,0.02566243527772083,0.36180175593480707,0.5299346537573715,-0.02834263089909584,-2.3970858475427277
3,0.020170995493010442,0.007253158366652412,0.35958355992721047,0.48892914951747724,-0.01848718991923351,-9.096150545916451
4,0.05503767562636742,0.018668438466024062,0.3391938023102196,0.4184455579433629,-0.025047220240921465,-3.9068484090200415
