,Sharp,RetYearly,STD,MDD,R2VaR,R2CVaR
0,-0.16311473891172648,-0.054822851512133175,0.33609992498471825,0.7581598985277447,5.7623655065682755e-05,0.0032587538917075243
1,-0.05297399305172876,-0.016683991211219884,0.3149468305122492,0.6660849191297429,-0.010317221006332063,-1.726080519421953
2,0.3133485069084725,0.09676471399197561,0.3088086008344699,0.5184833908766533,-0.049551787416144556,-1.5600936969041517
3,0.25459785116620115,0.07685204600718576,0.30185661683773146,0.5744197433414435,-0.04223361116911171,-1.7978592477074868
4,0.3159009079287571,0.0884190601171655,0.27989492242012176,0.4532557091876267,-0.0487524015755121,-1.496344176933293
