,Sharp,RetYearly,STD,MDD,R2VaR,R2CVaR
0,-0.3819313630589472,-0.149086313716966,0.3903484451313732,0.8967159832849918,0.026504818997565235,0.6092475989776646
1,0.12429164077124953,0.04664536443525069,0.37528963449037067,0.4759284925576057,-0.027154133114523214,-3.2846677315326094
2,0.0024394964397871075,0.0008686626908893658,0.35608278689071304,0.48102942979274876,-0.02181878682167716,-5.934625916551984
3,-0.18522619306156987,-0.06729562874071127,0.3633159415976441,0.5953189388361582,0.0007295479273493862,0.04239967119170408
4,0.02675551994391849,0.01022905240625227,0.3823155904909755,0.5421963012358688,-0.023153979164655634,-3.9732528577049795
