,Sharp,RetYearly,STD,MDD,R2VaR,R2CVaR
0,-0.2699928562287411,-0.10429540353588496,0.3862894929617126,0.8199722589772198,0.009848773677157701,0.34793515410855536
1,-0.1793140384225218,-0.0651738614327042,0.363462124918148,0.6602367440198325,0.00036268855942986626,0.019508244179473336
2,-0.13035201255992296,-0.04635684866640655,0.35562817754805476,0.5376492174843853,-0.00550983120663461,-0.44131135884734024
3,0.04832407751529193,0.017657948873193385,0.36540684853436906,0.500326076528822,-0.022075746874560372,-4.1349075357143565
4,0.06641728958482561,0.025328039709447747,0.3813470839863128,0.4852839401256569,-0.028886961522063662,-2.330620173210828
