,Sharp,RetYearly,STD,MDD,R2VaR,R2CVaR
0,-0.12909569295299816,-0.04328718086658767,0.335310806088224,0.7768573271936965,-0.002898672094255108,-0.21423605104516255
1,0.054811515248717614,0.01738022051046406,0.3170906775993699,0.7168632105356031,-0.02392434298282081,-3.6008298192602135
2,0.4093684767531226,0.12432069944764357,0.3036889904999146,0.42360400437679757,-0.05625768933196113,-1.447460430278218
3,0.2249769674861885,0.06198773064672514,0.2755292301223262,0.42892749069846714,-0.04186357267375245,-1.67418619468851
4,0.08777817332168707,0.02901475839646439,0.3305463909590815,0.521047832498086,-0.026061404982046017,-2.8878339220562164
