,Sharp,RetYearly,STD,MDD,R2VaR,R2CVaR
0,-0.11894711379457963,-0.038090011815153035,0.32022644854530957,0.7940364853388406,-0.004910729048870473,-0.3508522647344218
1,0.0022224463780471807,0.0006814016511818011,0.3065998162711737,0.6573965778475913,-0.017543000129084486,-12.481193899116109
2,0.07991503757489014,0.023341052204383095,0.2920733432992468,0.46877931770024883,-0.02456327345934467,-7.264173170736577
3,0.2851055090097257,0.08819013670712295,0.30932456203122527,0.48156582140778115,-0.044240436638480804,-1.571930797769295
4,0.3111055622989893,0.09984521226069232,0.3209367634665936,0.4826533399029628,-0.04787217128267648,-1.4851349467401824
