,Sharp,RetYearly,STD,MDD,R2VaR,R2CVaR
0,-0.30934905096154686,-0.11388627998250234,0.3681481473064509,0.7880812618640588,0.02360541657707202,0.5635968942803173
1,-0.2319094761584792,-0.08487837364364459,0.3659978671403731,0.6806335899589089,0.014518532549440515,0.4446005283701707
2,0.06524982931219592,0.02399124793843388,0.3676829225658932,0.4021560967082547,-0.020606510395447416,-8.237105290323695
3,-0.09284341171661938,-0.0331573447267296,0.3571319075168614,0.522895635141262,-0.0033609832575683713,-0.23949651373191852
4,-0.004004670160923651,-0.0014300918096811222,0.35710601677899,0.46299850538117837,-0.01484578978520645,-3.5375839678410204
