,Sharp,RetYearly,STD,MDD,R2VaR,R2CVaR
0,-0.2607140798547227,-0.07651244455660056,0.29347262180560196,0.658208877239929,0.017653102014655347,0.5010077167272224
1,-0.29463869855688113,-0.08672662262340736,0.2943490554641601,0.6728323507836275,0.02873321591603944,0.6277141043798242
2,0.006508019779758035,0.0019074694439893403,0.293095213066525,0.45591885102241214,-0.013570390914552078,-4.579264291192179
3,0.21997603462982332,0.06519121731713207,0.29635599817423813,0.4774128774040637,-0.029509283919160502,-2.21978814958177
4,0.07486913572991162,0.022310685312177947,0.29799576413788376,0.43243993965344707,-0.020767512043856882,-5.058216234828794
