,Sharp,RetYearly,STD,MDD,R2VaR,R2CVaR
0,-0.3704618762190721,-0.14663843379537256,0.3958259761894045,0.8363489447719403,0.021919016826765562,0.5266505552528317
1,-0.04350252373567171,-0.017251071431119702,0.396553347937696,0.6041815703513649,-0.01698529918533842,-116.4362050818093
2,-0.0018984945282046477,-0.0006941576591944498,0.3656358492910143,0.5343568644558824,-0.017645583958938296,-18.531475279176522
3,0.07122221134159816,0.024482217743806656,0.34374413940033804,0.4163033531921465,-0.026363880671668786,-2.9555228351918363
4,-0.02862250007857615,-0.009883569338048459,0.3453076883890474,0.4964178169883766,-0.014347046564733188,-6.57611196379614
