,Sharp,RetYearly,STD,MDD,R2VaR,R2CVaR
0,-0.2679946098254898,-0.10837180935720103,0.40438055611554863,0.7849953316328643,0.009748418986777595,0.3574112097218456
1,-0.17153714613858712,-0.06774115268341085,0.3949066089083812,0.6203340237694905,-0.001618764677142077,-0.08223986363901106
2,-0.042555459728247196,-0.015419219872905843,0.3623323533894517,0.5149019160628582,-0.015693098188889858,-8.20550506859556
3,0.004139859211105157,0.0014992032211111894,0.3621386971541405,0.47366979153056465,-0.017505384263616645,-20.972633004722624
4,0.06981728239126062,0.02292124420488295,0.32830329998281516,0.3842973172721702,-0.0238324533582853,-3.7787284096214346
