,Sharp,RetYearly,STD,MDD,R2VaR,R2CVaR
0,-0.32228114807952174,-0.13110111243846945,0.4067911301039573,0.7956581073694772,0.015202874205651123,0.43836803676044966
1,-0.025207356013821743,-0.00979432750978404,0.3885503701543945,0.6186694489361784,-0.01899134601941068,-7.026790019040653
2,-0.00742042825771936,-0.0027819098463949254,0.37489882656044093,0.48051849128873303,-0.018915470763101155,-7.504249465618732
3,0.11540949433846504,0.04027790856344904,0.348999957016749,0.40822311044892456,-0.030176851150360586,-2.4349151093818944
4,-0.14151380957176674,-0.04633300061371837,0.3274097471753895,0.5902013810524027,-0.0022330924242127204,-0.14070144878040652
