,Sharp,RetYearly,STD,MDD,R2VaR,R2CVaR
0,-0.2503393527115911,-0.08299074328497091,0.3315129738334916,0.7909538684887845,0.012323105044167448,0.3746030041923213
1,0.1707968263988307,0.056801713980713986,0.3325689076217101,0.6234031262877202,-0.03356167045701683,-2.195506991461549
2,0.21000534798199674,0.06626430731671729,0.31553628492545804,0.5253640727962456,-0.0376089775009852,-1.7538731709394464
3,0.35489702634002884,0.09830245364480672,0.2769886652998399,0.4741907334554969,-0.05427706772492178,-1.4005312149513924
4,0.2098931780307683,0.05972576088396053,0.2845531305224476,0.5149806950712409,-0.03578162716649267,-1.8785544509722438
