,Sharp,RetYearly,STD,MDD,R2VaR,R2CVaR
0,-0.1204220577224989,-0.04126031712160061,0.34263089256190143,0.7758550464207414,-0.005895148363790335,-0.5573009452039033
1,0.00433855047313887,0.0014339889338084166,0.33052258875092655,0.6257668348078463,-0.02040595845518298,-11.684171022474034
2,0.1606439135898142,0.05090186853704015,0.3168614820167556,0.5463397248709412,-0.03226842091242041,-2.3956709491471506
3,0.26115850912225047,0.07600344444383111,0.2910241933118605,0.5106495333948292,-0.04303110633028768,-1.630340443747357
4,0.35108548043937066,0.09329634485724281,0.26573683634106954,0.45140421208571646,-0.050935275767153475,-1.495774137660601
