,Sharp,RetYearly,STD,MDD,R2VaR,R2CVaR
0,-0.03151116094553046,-0.010783059417825536,0.3421981004274932,0.7615751205496266,-0.017355698171363933,-2.487743305022988
1,0.036235655790731014,0.012453037497696329,0.3436680591518861,0.5613099523177547,-0.020669119712519304,-5.8948254672775695
2,0.1507116380376055,0.04590926297951459,0.3046165749194453,0.5092937214642232,-0.03475056845462939,-1.9322683297641658
3,0.1994094585838524,0.05974962000881079,0.2996328280169612,0.597815099191328,-0.03615392838150426,-1.8879168480000628
4,0.25416170163272284,0.06839846045210152,0.2691139538833468,0.5488745844605418,-0.0375470656412216,-1.8063941117014908
