,Sharp,RetYearly,STD,MDD,R2VaR,R2CVaR
0,-0.2533982751951771,-0.08456389664740271,0.333719306424909,0.8187196901249727,0.012132669681126172,0.38861632443949223
1,0.19005824871483287,0.0645565872363505,0.33966737920021806,0.47428043872499215,-0.031462580346467414,-2.0588875813047554
2,0.1343634589535031,0.04336872615553977,0.3227717304490327,0.5883556462832586,-0.03329262136670864,-2.191117001463624
3,0.3555363162001023,0.10145348979344271,0.2853533807115863,0.46018980670241494,-0.05940533929747668,-1.3816881927660545
4,0.2509273468726121,0.06726651645586323,0.26807168407201276,0.4970079514665432,-0.043811729498391794,-1.7110082443987211
