,Sharp,RetYearly,STD,MDD,R2VaR,R2CVaR
0,-0.20066034115716272,-0.08398133389497842,0.41852482364316285,0.7378410092166121,0.0006525546525486895,0.031006839333541977
1,-0.14082717880625487,-0.055596121555304245,0.3947826124656765,0.563058844804148,-0.006791521261063747,-0.6855382509420733
2,-0.06570101408727656,-0.02381354436130767,0.36245322377633316,0.5305964601681359,-0.01398683956543383,-3.9926809267482084
3,-0.0299311258227189,-0.01085417537000144,0.3626383930324029,0.5442853924151025,-0.016573272228510953,-25.31908912197144
4,0.005085219861238009,0.0016482302865867826,0.32412173545344347,0.4422727641761517,-0.017762441928380137,-43.9314060607663
