,Sharp,RetYearly,STD,MDD,R2VaR,R2CVaR
0,-0.24246119873551647,-0.07838925015802378,0.32330637053202477,0.7752666725578533,0.01159081134489552,0.38779922076438744
1,0.17859987337671623,0.05319485796016887,0.29784376077337016,0.6149182014621859,-0.03551547012003111,-1.846323526297619
2,0.07810619045995795,0.023512442377307874,0.30103173946707595,0.4680775316840068,-0.02207752004625562,-5.541160745774351
3,0.09473902751985581,0.03043324557057403,0.32123240408178877,0.5856589430575849,-0.028528608699374746,-2.955438913999782
4,0.4837943315951739,0.14235748539516524,0.294252073863251,0.41855883020760953,-0.06701331434436048,-1.3490886212583584
