,Sharp,RetYearly,STD,MDD,R2VaR,R2CVaR
0,-0.3728791828156997,-0.13961264176408583,0.37441790316594625,0.8137334572372592,0.026476421178443465,0.5897601631530941
1,-0.04657526743616102,-0.016846634071712163,0.3617077259900486,0.5874790906896009,-0.012879585044931615,-3.2929138275909757
2,-0.12363737464464189,-0.04505397733444405,0.3644041897843434,0.48711659624180836,-0.004602882517579853,-0.3404412712698147
3,-0.10226508633411546,-0.03894527177885776,0.3808266650420426,0.5755180366993283,-0.00959316939561158,-1.2668254446037233
4,0.18099521741307656,0.06510106823985273,0.3596839141405363,0.39463810847111613,-0.038379091999412945,-1.702533365938951
