,Sharp,RetYearly,STD,MDD,R2VaR,R2CVaR
0,-0.20192204283054718,-0.06592700810636964,0.32649733125816055,0.741166471578975,0.005775141818852632,0.2506779621166029
1,0.010573926188915736,0.0030673788042612227,0.2900889177263829,0.6158631801702644,-0.01926897179190331,-12.119836792842333
2,0.1454373389510939,0.04448743398669075,0.3058872935075531,0.5396139520038273,-0.03345077226617026,-1.967533704831214
3,0.20322077477322695,0.0635520317446503,0.31272408943213453,0.5261594899431005,-0.0445096250093169,-1.911275381736272
4,0.4320501157694671,0.12853979611358346,0.29751131042901885,0.42511167239777037,-0.0549226285073364,-1.420789538213174
