,Sharp,RetYearly,STD,MDD,R2VaR,R2CVaR
0,-0.3899227531255893,-0.14741352556003384,0.37805828046293505,0.820696693070867,0.026585134722056147,0.6018762390601995
1,-0.22513797356602053,-0.08168279119106892,0.3628121453581258,0.6496572925535821,0.005444637007307139,0.24077954053543837
2,0.14743418989936433,0.054358802588516664,0.36869875722599293,0.4799631065288015,-0.03741796836671481,-1.8052797160525478
3,-0.16143925488951524,-0.05968893295878008,0.36972998295631143,0.6726057116624113,-0.0023427387838089756,-0.1522322567892329
4,0.18202019813288156,0.06651885985421968,0.3654476840293209,0.38307050168028833,-0.038257964911850816,-2.0237450910788697
