,Sharp,RetYearly,STD,MDD,R2VaR,R2CVaR
0,-0.1392726926116162,-0.04906886998434434,0.3523222612000516,0.6698774298320869,-0.0014834552114870595,-0.08878811899750409
1,0.1697489667791326,0.05168674273818907,0.3044892921524573,0.6041148069241211,-0.03249223079531795,-2.0465687623216957
2,-0.06811869188634069,-0.020673440575210478,0.3034914500370193,0.6180085831835183,-0.009912058335460458,-1.5125456687930103
3,0.3193853132059269,0.10536148312513971,0.32988831598905377,0.47989273112472985,-0.04821729311454739,-1.7405378520492083
4,0.2666086040016982,0.08064794692901156,0.3024956648754586,0.5316046449584741,-0.04688325941966145,-1.5859238794143473
