,Sharp,RetYearly,STD,MDD,R2VaR,R2CVaR
0,0.026202546869343108,0.009339975440379344,0.35645296188009434,0.5996457727917188,-0.012410333914328532,-2.5591953574538215
1,-0.024678669319672903,-0.007110087099890583,0.2881065833733057,0.6487102213430784,-0.013344308133292375,-3.800655576503107
2,0.09867425506907791,0.03064853531365741,0.3106031587692412,0.5754087263190191,-0.025944130800186593,-2.64077550592205
3,0.13909267940145864,0.04736473105322481,0.34052641200848205,0.4823728600219316,-0.03046248957690551,-2.7084787980224805
4,0.2663022783628101,0.07957900761644421,0.29882961612527326,0.5686725488701906,-0.0484967850936413,-1.5735789820421857
