,Sharp,RetYearly,STD,MDD,R2VaR,R2CVaR
0,-0.28070385158914146,-0.109273079564704,0.38928243750870944,0.754155407526027,0.011622948775591987,0.34299366300328066
1,-0.041461408912896576,-0.014689673250068758,0.35429749338545835,0.6050913468257837,-0.013394242539905017,-4.388671487377087
2,-0.23907495085444835,-0.08884642416644561,0.3716258179659163,0.6961444178621461,0.006153613045064889,0.26133841587770523
3,0.06722724971954998,0.027016209926373325,0.4018639768706304,0.5216366931086294,-0.026158010179159353,-4.622105828538332
4,0.020119419425099264,0.007438718200035055,0.3697282731108606,0.49463124368383515,-0.02170797013817579,-5.00565371877951
