,Sharp,RetYearly,STD,MDD,R2VaR,R2CVaR
0,-0.13779731358395378,-0.054008434000902494,0.39194112422226257,0.6040008911969099,-0.004884142694991216,-0.31179284674213403
1,-0.2095569237428477,-0.07370552492697391,0.35172078121083566,0.6814854326227904,0.004162465890812855,0.19549765848479173
2,-0.10420447682028919,-0.03878561487106036,0.37220680007779267,0.5822725822114906,-0.0073588702426045545,-0.8040368347540328
3,-0.0634234301251585,-0.025788167308927523,0.40660316318492523,0.5247143509667715,-0.013560781942699262,-2.117032817029967
4,0.017476053808138298,0.006418921453525739,0.36729810539588503,0.5574905609555483,-0.02104522870830323,-6.077151667112307
